C,margin,mean_sharpe,min_sharpe,mean_auc,trades_per_day
0.01,0.02,0.5297022180934178,-0.27803310046604746,0.531649730767068,1.0326511727105006
0.1,0.02,0.5250324642460651,-0.18065299154455136,0.5316202654638161,1.035591884922822
1.0,0.02,0.5122415911607142,-0.20914713982736421,0.531626642527962,1.0395522652473113
0.1,0.0,0.4195885759854667,-0.4841517184736363,0.5316202654638161,1.2994868508899342
1.0,0.0,0.4045758550128903,-0.45124866317352713,0.531626642527962,1.2975066763499987
0.01,0.0,0.33840384357469777,-0.41041136678160245,0.531649730767068,1.2796415348706185
1.0,0.01,0.3155558178257159,-0.1868333345501978,0.531626642527962,1.1744818673733448
0.1,0.01,0.29101341014993326,-0.19534870599464993,0.5316202654638161,1.1744818673733448
0.01,0.01,0.2678379771018631,-0.32467452678908526,0.531649730767068,1.1625770117347287
1.0,0.04,0.18881334008255712,-0.46954158820763925,0.531626642527962,0.8113564313546991
0.1,0.04,0.1600976041100372,-0.45680769010979305,0.5316202654638161,0.8113564313546991
0.01,0.04,-0.010482159266686754,-0.5628233408374866,0.531649730767068,0.8054118615568469
