costs,strategy,period,start,end,days,total_return,ann_return,ann_vol,sharpe,sharpe_t,max_drawdown,hit_ratio,skew,worst_day,best_day,alpha_ann,alpha_t,beta,beta_t,n_trades,trades_per_day,avg_gross_pnl_per_share
paper,Base: opposite-band stop,Train,2016-02-02,2021-12-31,1491,0.17487873500000162,0.02761352145489604,0.08286718705423195,0.37009379427545464,0.9002235174224501,0.13595573203521738,0.5216400911161732,0.28226007984629986,-0.03407465372150981,0.032274412184022966,0.03579714902408438,1.0499230444139283,-0.027871966282448514,-2.2728291194163908,918.0,0.6156941649899397,0.07424095860566396
paper,Base: opposite-band stop,Test,2022-01-03,2026-10-02,1192,0.36693892700000363,0.06831330598894114,0.095421295971477,0.7399076229965429,1.6092197684976144,0.08925249474890118,0.5594594594594594,2.074480868276571,-0.03548560005165251,0.08811771925810423,0.06450979162933358,1.4733769595457666,0.04671565953533135,2.935433841143755,776.0,0.6510067114093959,0.1962699742268038
paper,Ext. 1: + band/VWAP stop,Train,2016-02-02,2021-12-31,1491,0.2727324739999968,0.041602585764205946,0.06536891826926419,0.6562003141601097,1.5961547155996423,0.11599513452385513,0.4184720638540479,0.6768371946856971,-0.04791130566835864,0.03221340864190671,0.04642422790526355,1.7253810586186065,-0.019179734846269683,-1.981860509297802,1282.0,0.8598256203890007,0.08383642745709856
paper,Ext. 1: + band/VWAP stop,Test,2022-01-03,2026-10-02,1192,0.35982006499999986,0.06713467448669141,0.06581316502385695,1.0201426766091828,2.218700971398474,0.09950897048695817,0.45675675675675675,1.7224090467526851,-0.017318503871899687,0.0375622079527235,0.0670156145067413,2.2112172830649857,0.0009445927067157794,0.08574752252759264,1094.0,0.9177852348993288,0.12264936014625255
paper,Ext. 2: + vol targeting,Train,2016-02-02,2021-12-31,1491,1.0974274450000019,0.13336455089099597,0.14643462071261798,0.9272603106690234,2.2554864505926244,0.25090557849323425,0.4184720638540479,2.375784177440574,-0.05179914338118018,0.0914233589093421,0.15168954815912708,2.5268337032850794,-0.08644729314551866,-4.0037094307392636,1282.0,0.8598256203890007,0.08383642745709856
paper,Ext. 2: + vol targeting,Test,2022-01-03,2026-10-02,1192,0.9998485990000101,0.15780019647537546,0.14216898375286346,1.1010694641769447,2.3947080597261183,0.22301254601823217,0.45675675675675675,2.0704486451823247,-0.031055866910012518,0.09521903096744697,0.1611100301569687,2.463093448461305,-0.035053910110140626,-1.4744035089011984,1094.0,0.9177852348993288,0.12264936014625255
paper,SPY buy & hold,Train,2016-02-02,2021-12-31,1491,1.7111665247536818,0.18361237586849333,0.17481648550809623,1.0525478194126336,2.560238282573691,0.3379388816644995,0.5639300134589502,-0.8812404676378777,-0.10782757357430695,0.08676651117112688,,,,,,,
paper,SPY buy & hold,Test,2022-01-03,2026-10-02,1192,0.7265405926823256,0.12238383360962524,0.17318686372076134,0.7531207730859001,1.6379569536097334,0.24496487119437893,0.5352941176470588,0.3412346079285671,-0.05855053796029697,0.10500450487345403,,,,,,,
conservative,Base: opposite-band stop,Train,2016-02-02,2021-12-31,1491,0.14476827599999775,0.023114168487363473,0.08287512253296557,0.3171145917177188,0.771355849781246,0.1456819628442516,0.5136674259681093,0.2770602423288125,-0.03408123679068598,0.03222876152711067,0.03141324815731671,0.9212579848324733,-0.02789272774545465,-2.2743094524110417,918.0,0.6156941649899397,0.07424095860566396
conservative,Base: opposite-band stop,Test,2022-01-03,2026-10-02,1192,0.34957322099999755,0.06542958779527797,0.09540387153573665,0.7116897929502702,1.5478490128475133,0.08952841933511047,0.5594594594594594,2.058569638463226,-0.035547713033798826,0.08796475750098928,0.06182321619270206,1.412245587469445,0.04657453264128899,2.9270403863196397,776.0,0.6510067114093959,0.1962699742268038
conservative,Ext. 1: + band/VWAP stop,Train,2016-02-02,2021-12-31,1491,0.2267253660000037,0.03514109737780435,0.0654238883968932,0.560577630110411,1.3635601941240234,0.11720532434039843,0.4127708095781072,0.6616162639317339,-0.04798285142544184,0.03221604159824637,0.04018197007373852,1.4921013914240755,-0.019058424475402343,-1.9676337064923997,1282.0,0.8598256203890007,0.08383642745709856
conservative,Ext. 1: + band/VWAP stop,Test,2022-01-03,2026-10-02,1192,0.33670267300000223,0.06327338824474715,0.06583324056670138,0.9647766277681985,2.0982857499175993,0.10249745856568926,0.4540540540540541,1.7138042213235571,-0.017372926206468707,0.03750204850441236,0.06339614523155403,2.091152494503026,0.0009064328083865981,0.08225835990425946,1094.0,0.9177852348993288,0.12264936014625255
conservative,Ext. 2: + vol targeting,Train,2016-02-02,2021-12-31,1491,0.8784275960000032,0.11243621816251537,0.1465924964945211,0.7992307632880133,1.9440648292088447,0.27943154420472394,0.4127708095781072,2.3498499875739043,-0.05202046935234541,0.09127544760875035,0.13301161931590944,2.213202432229576,-0.08614213560758065,-3.9850827252421275,1282.0,0.8598256203890007,0.08383642745709856
conservative,Ext. 2: + vol targeting,Test,2022-01-03,2026-10-02,1192,0.9207624170000075,0.14796591411015303,0.14219127003430798,1.0408998631865811,2.263845627218433,0.23131278503386377,0.4540540540540541,2.0614405167080068,-0.03111822602213866,0.09519576993576614,0.15257751022964985,2.3322783502277002,-0.035042665135936533,-1.4736982328042503,1094.0,0.9177852348993288,0.12264936014625255
conservative,SPY buy & hold,Train,2016-02-02,2021-12-31,1491,1.7111665247536818,0.18361237586849333,0.17481648550809623,1.0525478194126336,2.560238282573691,0.3379388816644995,0.5639300134589502,-0.8812404676378777,-0.10782757357430695,0.08676651117112688,,,,,,,
conservative,SPY buy & hold,Test,2022-01-03,2026-10-02,1192,0.7265405926823256,0.12238383360962524,0.17318686372076134,0.7531207730859001,1.6379569536097334,0.24496487119437893,0.5352941176470588,0.3412346079285671,-0.05855053796029697,0.10500450487345403,,,,,,,
